instance,algorithm,family,size,uncertainty,sigma_T_C,n_runs,elapsed_s_mean,hypervolume_mean,hypervolume_std,hypervolume_best,spread_mean,spread_std,spread_best,best_cost_BRL_mean,best_cost_BRL_std,best_cost_BRL_best,best_quality_pct_mean,best_quality_pct_std,best_quality_pct_best,best_co2_kg_mean,best_co2_kg_std,best_co2_kg_best
CCVRPTW-ST_C1_025_HIGH,MOEA-RS,C1,25,high,2.0,5,16.0,1716.159964,212.518315,1935.611903,0.627423,0.122234,0.473232,2351.856,74.825622,2265.21,98.6218,0.083825,98.726,134.0111,4.910105,128.1618
CCVRPTW-ST_C1_025_HIGH,NSGA2-DET,C1,25,high,2.0,5,14.0,3546.165483,658.952963,4282.006513,1.542456,0.156983,1.338236,1720.206,32.14587,1672.82,98.8134,0.012054,98.831,96.38952,2.627294,92.4198
CCVRPTW-ST_C1_025_HIGH,NSGA2-MC,C1,25,high,2.0,5,15.9,4153.330859,419.627602,4883.911576,0.763764,0.129347,0.603008,1724.244,45.235498,1664.32,98.8054,0.017487,98.822,96.81934,3.893543,91.6873
CCVRPTW-ST_C1_025_HIGH,NSGA2-MC10,C1,25,high,2.0,5,21.8,4390.658426,488.973538,5046.459772,0.728344,0.073241,0.63214,1757.562,55.963657,1684.25,98.825,0.039774,98.886,99.53782,5.126563,92.4944
CCVRPTW-ST_C1_025_LOW,MOEA-RS,C1,25,low,0.5,5,22.1,3032.238887,119.350752,3150.167082,0.609482,0.093474,0.476713,2595.124,86.02109,2486.22,98.4118,0.011756,98.428,153.26574,2.33372,149.57
CCVRPTW-ST_C1_025_LOW,NSGA2-DET,C1,25,low,0.5,5,35.9,5326.69633,846.58905,6703.828106,1.638665,0.064854,1.569392,2057.486,113.744436,1906.57,98.6938,0.036058,98.745,118.73014,4.54212,112.5566
CCVRPTW-ST_C1_025_LOW,NSGA2-MC,C1,25,low,0.5,5,44.9,5941.807547,1244.154418,7689.356553,0.761207,0.041091,0.729008,2069.172,153.850756,1847.09,98.7134,0.042571,98.759,117.39558,8.004019,107.4325
CCVRPTW-ST_C1_025_LOW,NSGA2-MC10,C1,25,low,0.5,5,43.4,5223.58418,771.829371,6194.762226,0.70768,0.061583,0.616993,2101.682,146.719993,1915.33,98.7142,0.035358,98.768,121.6116,6.550966,113.3109
CCVRPTW-ST_C1_025_MEDIUM,MOEA-RS,C1,25,medium,1.0,5,21.0,2581.558831,264.273143,2980.246894,0.597895,0.082601,0.507316,2361.968,35.310631,2303.32,98.7716,0.052156,98.852,133.65068,2.349724,131.0294
CCVRPTW-ST_C1_025_MEDIUM,NSGA2-DET,C1,25,medium,1.0,5,34.5,4864.378614,590.680709,5670.388419,1.658673,0.073736,1.580151,1954.014,37.226349,1907.67,98.9426,0.033223,98.977,103.72186,3.206995,99.7292
CCVRPTW-ST_C1_025_MEDIUM,NSGA2-MC,C1,25,medium,1.0,5,43.0,4919.11738,554.081504,5392.036582,0.871439,0.090407,0.749816,1928.634,42.882178,1871.65,98.9722,0.008526,98.985,101.53546,3.694018,96.6268
CCVRPTW-ST_C1_025_MEDIUM,NSGA2-MC10,C1,25,medium,1.0,5,41.3,5879.794925,1149.384644,7262.39904,0.791597,0.104787,0.676661,1912.538,33.939807,1887.17,98.9796,0.02149,99.005,100.14886,2.923603,97.9635
CCVRPTW-ST_C2_025_HIGH,MOEA-RS,C2,25,high,2.0,5,13.3,362.295602,85.996646,462.13729,0.312564,0.289177,0.0,2242.396,46.93564,2194.49,97.7848,0.154134,98.005,141.48682,4.043294,137.3599
CCVRPTW-ST_C2_025_HIGH,NSGA2-DET,C2,25,high,2.0,5,31.2,2661.374287,57.472439,2741.501486,1.743246,0.099508,1.646727,1618.682,11.240277,1608.62,98.5724,0.028431,98.607,87.75604,0.968417,86.8889
CCVRPTW-ST_C2_025_HIGH,NSGA2-MC,C2,25,high,2.0,5,36.4,2636.140262,213.473565,2865.686543,0.677872,0.144513,0.507326,1640.284,15.300166,1629.26,98.6114,0.015437,98.629,89.6169,1.318227,88.6672
CCVRPTW-ST_C2_025_HIGH,NSGA2-MC10,C2,25,high,2.0,5,34.8,2773.46075,144.612757,2984.916349,0.715039,0.167858,0.467982,1621.198,11.166876,1608.62,98.6516,0.015076,98.671,87.97284,0.962071,86.8889
CCVRPTW-ST_C2_025_LOW,MOEA-RS,C2,25,low,0.5,5,15.6,74.603387,42.071496,101.343187,0.508159,0.337992,0.0,2010.904,28.752561,1972.48,98.572,0.063537,98.676,108.62266,2.476777,105.3127
CCVRPTW-ST_C2_025_LOW,NSGA2-DET,C2,25,low,0.5,5,32.4,672.596686,17.371511,689.342136,1.789203,0.069018,1.703704,1622.03,8.436409,1611.22,99.0254,0.025245,99.055,75.12242,0.726781,74.191
CCVRPTW-ST_C2_025_LOW,NSGA2-MC,C2,25,low,0.5,5,38.8,671.782391,25.992875,700.017617,0.591179,0.138152,0.429158,1621.59,12.864161,1609.28,99.0414,0.010479,99.054,75.08476,1.108095,74.0245
CCVRPTW-ST_C2_025_LOW,NSGA2-MC10,C2,25,low,0.5,5,37.5,703.784255,36.666433,734.57924,0.659704,0.094785,0.563914,1609.018,6.830631,1601.05,99.0458,0.024641,99.067,74.00164,0.588228,73.3154
CCVRPTW-ST_C2_025_MEDIUM,MOEA-RS,C2,25,medium,1.0,5,15.8,291.778334,72.052746,382.737533,0.659381,0.062306,0.584874,2827.404,81.102174,2704.08,97.8182,0.099575,97.94,178.96126,6.986706,168.3372
CCVRPTW-ST_C2_025_MEDIUM,NSGA2-DET,C2,25,medium,1.0,5,32.4,2671.475471,164.33854,2866.228469,1.886688,0.03406,1.851064,2126.778,34.094206,2091.55,98.5686,0.039425,98.622,118.605,2.937116,115.5704
CCVRPTW-ST_C2_025_MEDIUM,NSGA2-MC,C2,25,medium,1.0,5,38.5,2603.126569,356.583986,2959.50764,0.749716,0.116659,0.604973,2127.512,22.146216,2107.66,98.582,0.04986,98.65,118.66808,1.907888,116.9575
CCVRPTW-ST_C2_025_MEDIUM,NSGA2-MC10,C2,25,medium,1.0,5,37.4,2688.280498,175.531211,2910.509732,0.782344,0.188705,0.573011,2144.448,36.594976,2096.02,98.5836,0.044275,98.634,120.12704,3.152505,115.9551
CCVRPTW-ST_R1_025_HIGH,MOEA-RS,R1,25,high,2.0,5,7.6,9498.245351,1119.362307,10898.540767,0.575259,0.077207,0.444114,3527.73,18.583483,3498.29,97.9748,0.034658,98.027,227.40428,2.893452,223.8339
CCVRPTW-ST_R1_025_HIGH,NSGA2-DET,R1,25,high,2.0,5,19.4,15318.531164,1834.400181,16944.853433,1.530318,0.152049,1.337401,2840.586,68.374881,2749.28,98.3546,0.040433,98.403,179.11392,4.548188,172.2311
CCVRPTW-ST_R1_025_HIGH,NSGA2-MC,R1,25,high,2.0,5,33.0,16436.82557,1575.840575,17912.538077,0.66396,0.110675,0.501783,2782.338,81.293046,2684.02,98.336,0.068348,98.427,174.7229,6.592485,166.6098
CCVRPTW-ST_R1_025_HIGH,NSGA2-MC10,R1,25,high,2.0,5,17.4,16733.910146,1477.41591,18668.487421,0.597214,0.126533,0.457696,2859.518,107.425201,2734.88,98.3206,0.044371,98.385,181.3956,8.704879,170.9911
CCVRPTW-ST_R1_025_LOW,MOEA-RS,R1,25,low,0.5,5,7.8,7682.952432,379.561897,8269.753556,0.557822,0.048019,0.509894,3288.64,78.183485,3206.4,98.3342,0.069518,98.42,200.16366,2.651404,198.3541
CCVRPTW-ST_R1_025_LOW,NSGA2-DET,R1,25,low,0.5,5,15.4,14245.029149,879.037889,15725.737175,1.599898,0.05294,1.515164,2616.968,45.564069,2570.77,98.6826,0.026661,98.71,151.526,7.083026,146.643
CCVRPTW-ST_R1_025_LOW,NSGA2-MC,R1,25,low,0.5,5,18.7,13679.90764,2755.990793,16219.132989,0.81685,0.100172,0.702818,2625.664,61.374194,2566.01,98.698,0.03609,98.749,153.25638,3.25953,148.026
CCVRPTW-ST_R1_025_LOW,NSGA2-MC10,R1,25,low,0.5,5,18.0,14861.605955,1422.005011,17153.991793,0.765107,0.096287,0.666254,2544.922,59.614816,2465.23,98.67,0.028513,98.709,150.58964,2.960797,147.343
CCVRPTW-ST_R1_025_MEDIUM,MOEA-RS,R1,25,medium,1.0,5,9.1,9532.249876,926.39639,10754.438637,0.653776,0.051092,0.581251,3457.086,48.783399,3393.52,98.45,0.055254,98.539,216.47312,2.766653,213.3573
CCVRPTW-ST_R1_025_MEDIUM,NSGA2-DET,R1,25,medium,1.0,5,16.0,16861.448018,1877.923561,18889.263457,1.499234,0.085255,1.432557,2636.242,62.661628,2547.74,98.708,0.008916,98.72,162.49344,5.397977,154.8694
CCVRPTW-ST_R1_025_MEDIUM,NSGA2-MC,R1,25,medium,1.0,5,19.2,18850.367518,3418.231613,23390.993791,0.710083,0.091215,0.57559,2616.302,45.990228,2561.13,98.7066,0.032377,98.75,159.70112,2.748091,156.0232
CCVRPTW-ST_R1_025_MEDIUM,NSGA2-MC10,R1,25,medium,1.0,5,18.4,18065.847737,2062.228158,21061.610588,0.665043,0.17319,0.487321,2626.158,57.465991,2554.34,98.7052,0.032561,98.755,161.01994,5.122897,155.4375
CCVRPTW-ST_R2_025_HIGH,MOEA-RS,R2,25,high,2.0,5,14.8,6572.407942,558.493905,7210.691056,0.611091,0.145021,0.429716,3242.776,30.654067,3188.52,97.3998,0.220147,97.751,227.03374,2.492384,222.9921
CCVRPTW-ST_R2_025_HIGH,NSGA2-DET,R2,25,high,2.0,5,31.2,25564.4841,1784.656561,28009.854041,1.762458,0.15325,1.5087,2207.936,83.916363,2116.19,98.4592,0.054325,98.555,138.51842,7.229123,130.6146
CCVRPTW-ST_R2_025_HIGH,NSGA2-MC,R2,25,high,2.0,5,36.7,24009.625429,1903.305121,25900.70753,0.760815,0.107207,0.620947,2233.716,56.971447,2184.64,98.4728,0.059613,98.534,140.73948,4.907916,136.5118
CCVRPTW-ST_R2_025_HIGH,NSGA2-MC10,R2,25,high,2.0,5,35.4,26169.198792,678.340158,26751.108759,0.818108,0.085669,0.698156,2149.578,49.118488,2094.42,98.5362,0.022731,98.573,133.49102,4.231293,128.7396
CCVRPTW-ST_R2_025_LOW,MOEA-RS,R2,25,low,0.5,5,13.5,1749.875989,285.379868,2089.753293,0.615509,0.098531,0.480263,2918.936,50.572672,2828.97,96.8694,0.093898,96.982,199.76866,4.35643,192.0188
CCVRPTW-ST_R2_025_LOW,NSGA2-DET,R2,25,low,0.5,5,30.9,12638.897569,1000.942136,13541.536324,1.828997,0.14044,1.62302,1959.588,61.940793,1918.01,98.2684,0.02885,98.311,117.1239,5.336329,113.5418
CCVRPTW-ST_R2_025_LOW,NSGA2-MC,R2,25,low,0.5,5,35.9,13245.902701,438.330073,13744.347822,0.653736,0.09095,0.526797,1923.498,5.680719,1920.45,98.2832,0.011925,98.297,114.01482,0.48955,113.752
CCVRPTW-ST_R2_025_LOW,NSGA2-MC10,R2,25,low,0.5,5,34.5,11639.45493,1191.994356,13194.845087,0.696616,0.134419,0.499572,2025.182,46.817053,1971.43,98.2978,0.046284,98.348,122.7746,4.033402,118.1438
CCVRPTW-ST_R2_025_MEDIUM,MOEA-RS,R2,25,medium,1.0,5,14.0,1649.688258,409.513683,2118.751234,0.628117,0.095516,0.534792,2992.086,77.599706,2925.52,96.765,0.080545,96.878,206.07014,6.684771,200.3357
CCVRPTW-ST_R2_025_MEDIUM,NSGA2-DET,R2,25,medium,1.0,5,31.2,10554.843387,362.52307,10953.75528,1.816715,0.098575,1.679802,2025.696,28.94007,1987.97,97.893,0.067149,97.998,122.81902,2.493224,119.5687
CCVRPTW-ST_R2_025_MEDIUM,NSGA2-MC,R2,25,medium,1.0,5,35.7,10416.043905,1280.781075,11828.16116,0.733029,0.211212,0.471816,2050.066,64.166085,1974.63,97.9108,0.118138,98.058,124.91836,5.527645,118.4197
CCVRPTW-ST_R2_025_MEDIUM,NSGA2-MC10,R2,25,medium,1.0,5,34.5,10285.090747,1493.535718,12040.843668,0.756434,0.123066,0.60313,2050.476,50.771276,2003.69,97.8836,0.072342,97.982,124.9534,4.373707,120.9229
CCVRPTW-ST_RC1_025_HIGH,MOEA-RS,RC1,25,high,2.0,5,22.7,3993.202066,529.675631,4733.492091,0.584177,0.113695,0.424284,3091.598,61.872884,3035.03,98.3982,0.073056,98.496,191.0892,3.055113,185.9237
CCVRPTW-ST_RC1_025_HIGH,NSGA2-DET,RC1,25,high,2.0,5,34.6,7110.684671,713.946712,8094.735523,1.577159,0.116446,1.407702,2439.572,137.667814,2265.87,98.6568,0.045047,98.713,152.4703,6.450951,143.5092
CCVRPTW-ST_RC1_025_HIGH,NSGA2-MC,RC1,25,high,2.0,5,44.7,8308.502548,750.06887,9607.028013,0.730224,0.049807,0.686589,2509.474,64.495038,2400.05,98.634,0.03467,98.676,153.30626,2.245672,150.8131
CCVRPTW-ST_RC1_025_HIGH,NSGA2-MC10,RC1,25,high,2.0,5,42.3,9061.359208,1068.780904,10575.37317,0.688351,0.055969,0.638155,2457.528,89.698933,2351.18,98.655,0.028914,98.702,153.84842,2.554768,150.8583
CCVRPTW-ST_RC1_025_LOW,MOEA-RS,RC1,25,low,0.5,5,23.2,4027.134843,492.04931,4691.21609,0.499229,0.085446,0.415306,2933.774,59.504737,2885.67,98.6878,0.021312,98.712,173.73454,3.393622,171.0589
CCVRPTW-ST_RC1_025_LOW,NSGA2-DET,RC1,25,low,0.5,5,35.5,6466.168097,1489.880115,8543.67852,1.677211,0.111124,1.548551,2414.09,82.449403,2328.93,98.9546,0.014502,98.975,140.62086,4.173362,136.0199
CCVRPTW-ST_RC1_025_LOW,NSGA2-MC,RC1,25,low,0.5,5,44.8,6930.65528,1299.759204,9057.033926,0.728325,0.149168,0.537184,2422.44,125.684001,2246.78,98.9568,0.009935,98.968,138.44064,5.495031,128.943
CCVRPTW-ST_RC1_025_LOW,NSGA2-MC10,RC1,25,low,0.5,5,43.6,6806.841503,580.017952,7424.727055,0.80288,0.156654,0.58113,2402.888,87.514095,2304.72,98.9614,0.012462,98.981,138.6971,2.817425,133.9335
CCVRPTW-ST_RC1_025_MEDIUM,MOEA-RS,RC1,25,medium,1.0,5,22.3,8327.628907,1126.887419,10136.017648,0.672699,0.103873,0.588835,2904.548,40.175231,2840.07,98.398,0.050537,98.453,183.57894,2.77827,180.0525
CCVRPTW-ST_RC1_025_MEDIUM,NSGA2-DET,RC1,25,medium,1.0,5,34.3,13530.991983,547.539473,14032.621501,1.426557,0.073375,1.349543,2471.184,99.353126,2296.75,98.571,0.037967,98.63,150.7286,3.215383,145.8207
CCVRPTW-ST_RC1_025_MEDIUM,NSGA2-MC,RC1,25,medium,1.0,5,43.3,13540.755993,1129.364889,15396.776071,0.734148,0.053962,0.646073,2436.632,23.981333,2403.14,98.6186,0.034566,98.661,144.59586,2.185041,142.4127
CCVRPTW-ST_RC1_025_MEDIUM,NSGA2-MC10,RC1,25,medium,1.0,5,42.3,13991.791933,591.091346,14710.384188,0.71215,0.086838,0.590981,2375.52,97.296962,2243.34,98.6328,0.044314,98.663,146.80608,4.825808,138.6003
CCVRPTW-ST_RC2_025_HIGH,MOEA-RS,RC2,25,high,2.0,5,15.7,509.279467,77.730852,597.117685,0.587466,0.058017,0.516032,2843.976,49.889264,2763.01,97.7536,0.069111,97.834,180.38896,4.297943,173.4138
CCVRPTW-ST_RC2_025_HIGH,NSGA2-DET,RC2,25,high,2.0,5,32.1,2987.391984,193.622872,3147.511793,1.756566,0.125371,1.590909,2264.754,8.272517,2253.78,98.5052,0.019652,98.527,130.49106,0.712622,129.5456
CCVRPTW-ST_RC2_025_HIGH,NSGA2-MC,RC2,25,high,2.0,5,38.9,2818.966221,96.805403,2961.64887,0.772704,0.208467,0.498193,2279.028,22.080738,2253.18,98.4912,0.026357,98.524,131.7204,1.902158,129.4937
CCVRPTW-ST_RC2_025_HIGH,NSGA2-MC10,RC2,25,high,2.0,5,37.2,2986.133119,148.856368,3148.736114,0.672503,0.10003,0.55132,2276.536,7.754926,2265.31,98.5408,0.035563,98.589,131.50604,0.668229,130.5389
CCVRPTW-ST_RC2_025_LOW,MOEA-RS,RC2,25,low,0.5,5,14.1,818.556736,197.598021,1147.717515,0.494078,0.281165,0.0,2755.336,41.637736,2707.53,97.3974,0.099304,97.519,185.67506,3.586914,181.5567
CCVRPTW-ST_RC2_025_LOW,NSGA2-DET,RC2,25,low,0.5,5,30.8,5965.4302,192.030238,6251.255769,1.706825,0.120313,1.544706,1915.09,15.270481,1895.7,98.4406,0.062023,98.522,113.29062,1.315661,111.6203
CCVRPTW-ST_RC2_025_LOW,NSGA2-MC,RC2,25,low,0.5,5,36.1,6063.640049,298.048741,6489.607419,0.744152,0.221812,0.496427,1931.836,16.895323,1911.36,98.5004,0.081073,98.594,114.7331,1.455619,112.9691
CCVRPTW-ST_RC2_025_LOW,NSGA2-MC10,RC2,25,low,0.5,5,34.9,5879.899906,529.933805,6408.835749,0.725214,0.124608,0.542169,1910.446,24.122523,1874.14,98.4546,0.056994,98.524,112.8906,2.078055,109.7632
CCVRPTW-ST_RC2_025_MEDIUM,MOEA-RS,RC2,25,medium,1.0,5,13.5,1070.80352,137.853684,1305.140714,0.573218,0.061004,0.501868,2788.976,62.401516,2708.78,97.1884,0.130873,97.361,188.57292,5.375809,181.664
CCVRPTW-ST_RC2_025_MEDIUM,NSGA2-DET,RC2,25,medium,1.0,5,30.8,5386.44473,448.919048,5959.355026,1.894503,0.017456,1.876557,2115.2,44.224859,2065.37,98.066,0.047692,98.107,130.52944,3.809792,126.2368
CCVRPTW-ST_RC2_025_MEDIUM,NSGA2-MC,RC2,25,medium,1.0,5,35.6,5417.127821,529.037384,5865.906529,0.602494,0.174294,0.388916,2104.932,56.222284,2013.3,98.0712,0.07008,98.169,129.64466,4.843427,121.7508
CCVRPTW-ST_RC2_025_MEDIUM,NSGA2-MC10,RC2,25,medium,1.0,5,34.5,5349.309711,627.944137,5922.627711,0.749527,0.066722,0.657978,2110.784,21.893222,2083.88,98.0606,0.056341,98.113,130.14904,1.885905,127.8316
CCVRPTW-ST_C1_050_HIGH,MOEA-RS,C1,50,high,2.0,5,37.1,2104.480497,376.802414,2586.297078,0.599892,0.091512,0.480101,5284.32,34.717197,5243.18,98.2402,0.035379,98.279,317.0552,2.869259,312.8902
CCVRPTW-ST_C1_050_HIGH,NSGA2-DET,C1,50,high,2.0,5,37.2,11444.958625,792.330138,12128.106041,1.748813,0.064665,1.67697,3945.824,106.808741,3861.24,98.784,0.031977,98.831,219.22874,3.510943,215.4611
CCVRPTW-ST_C1_050_HIGH,NSGA2-MC,C1,50,high,2.0,5,49.7,12179.851304,1058.181428,13316.416676,0.676431,0.077602,0.609735,3826.652,60.55789,3737.96,98.8076,0.021524,98.837,213.3554,5.21684,205.7152
CCVRPTW-ST_C1_050_HIGH,NSGA2-MC10,C1,50,high,2.0,5,51.5,12381.770332,276.186654,12642.867311,0.653473,0.060882,0.588228,3929.138,94.865693,3813.13,98.7316,0.035788,98.756,219.59972,4.527876,212.1901
CCVRPTW-ST_C1_050_LOW,MOEA-RS,C1,50,low,0.5,5,32.5,3490.070552,451.864596,4021.886616,0.564753,0.070275,0.48364,4908.516,22.682152,4881.84,97.7356,0.010644,97.75,319.47626,1.95419,317.1778
CCVRPTW-ST_C1_050_LOW,NSGA2-DET,C1,50,low,0.5,5,40.2,14940.761525,2265.076324,17261.968327,1.736742,0.140837,1.589445,3872.304,175.639861,3630.45,98.2244,0.031533,98.26,235.85174,10.651105,222.2969
CCVRPTW-ST_C1_050_LOW,NSGA2-MC,C1,50,low,0.5,5,52.9,14655.090235,1876.629317,16274.506774,0.728177,0.101766,0.584612,3848.612,146.625204,3690.02,98.2252,0.065861,98.274,236.95606,7.166583,227.4291
CCVRPTW-ST_C1_050_LOW,NSGA2-MC10,C1,50,low,0.5,5,49.7,14036.636907,2149.748354,17106.100673,0.84674,0.089273,0.730813,3791.632,109.43492,3658.01,98.255,0.074953,98.331,233.7492,8.302211,224.6714
CCVRPTW-ST_C1_050_MEDIUM,MOEA-RS,C1,50,medium,1.0,5,38.0,5074.41838,817.202706,6127.459975,0.623631,0.063448,0.534243,5500.052,160.446045,5228.85,97.919,0.045144,97.984,342.44128,12.476061,321.2279
CCVRPTW-ST_C1_050_MEDIUM,NSGA2-DET,C1,50,medium,1.0,5,42.1,17162.818491,2837.490968,20467.206287,1.660651,0.124386,1.457217,4536.722,76.97424,4436.49,98.3736,0.034832,98.426,269.30892,5.679865,265.8908
CCVRPTW-ST_C1_050_MEDIUM,NSGA2-MC,C1,50,medium,1.0,5,57.1,18563.485826,1114.633941,19988.877734,0.805584,0.079228,0.680181,4423.106,150.686942,4229.85,98.3812,0.024803,98.413,260.61026,8.370061,248.0899
CCVRPTW-ST_C1_050_MEDIUM,NSGA2-MC10,C1,50,medium,1.0,5,54.6,18070.924797,2169.452298,21163.53477,0.73044,0.193891,0.518846,4427.73,72.017919,4338.01,98.3956,0.039074,98.419,263.7519,5.186722,257.4074
CCVRPTW-ST_C2_050_HIGH,MOEA-RS,C2,50,high,2.0,5,8.1,877.767952,357.703659,1422.618111,0.549836,0.025797,0.517585,4441.082,83.408287,4333.9,97.5276,0.097961,97.682,289.546,7.732799,282.8968
CCVRPTW-ST_C2_050_HIGH,NSGA2-DET,C2,50,high,2.0,5,19.1,12561.253352,1337.478676,14583.373769,1.745877,0.16699,1.481028,2848.362,60.524536,2740.93,98.6868,0.023784,98.713,154.92284,5.213979,145.6679
CCVRPTW-ST_C2_050_HIGH,NSGA2-MC,C2,50,high,2.0,5,30.1,12324.009662,895.575689,13854.209408,0.735156,0.206947,0.551183,2843.698,39.585343,2793.13,98.6938,0.018185,98.725,154.52116,3.410042,150.165
CCVRPTW-ST_C2_050_HIGH,NSGA2-MC10,C2,50,high,2.0,5,18.3,12077.968723,1194.201579,13496.245669,0.719629,0.146166,0.529647,2844.07,42.690535,2798.65,98.683,0.020988,98.7,154.55322,3.677597,150.6402
CCVRPTW-ST_C2_050_LOW,MOEA-RS,C2,50,low,0.5,5,7.8,1947.888722,331.488792,2269.653695,0.635704,0.116139,0.519321,5323.358,68.090955,5259.54,96.5586,0.116434,96.691,365.81028,3.189957,362.6379
CCVRPTW-ST_C2_050_LOW,NSGA2-DET,C2,50,low,0.5,5,15.9,32347.425363,931.467707,33524.413789,1.856172,0.085232,1.739445,3156.586,25.581736,3131.67,98.2896,0.039759,98.347,181.47558,2.203754,179.3293
CCVRPTW-ST_C2_050_LOW,NSGA2-MC,C2,50,low,0.5,5,19.4,32914.012489,601.754352,33718.856234,0.602994,0.03476,0.572006,3153.204,27.302369,3121.26,98.2948,0.019071,98.319,181.18384,2.351946,178.4319
CCVRPTW-ST_C2_050_LOW,NSGA2-MC10,C2,50,low,0.5,5,17.7,32150.989833,1304.740083,33893.937396,0.704649,0.195786,0.430189,3154.744,23.488461,3119.37,98.3036,0.028953,98.334,181.31648,2.023313,178.2695
CCVRPTW-ST_C2_050_MEDIUM,MOEA-RS,C2,50,medium,1.0,5,9.2,2624.468793,740.655114,3693.502775,0.4315,0.395818,0.0,5983.856,146.192717,5775.95,96.8034,0.05057,96.868,412.1131,12.593941,394.203
CCVRPTW-ST_C2_050_MEDIUM,NSGA2-DET,C2,50,medium,1.0,5,16.4,40774.247802,1996.877198,42365.736499,1.747611,0.200995,1.456418,3642.838,45.774437,3588.73,98.4036,0.03676,98.444,210.44254,3.94317,205.7815
CCVRPTW-ST_C2_050_MEDIUM,NSGA2-MC,C2,50,medium,1.0,5,19.3,40816.371818,2585.375776,43970.169007,0.512741,0.293755,0.0,3590.524,42.460309,3537.15,98.3886,0.023755,98.418,205.93534,3.657757,201.3375
CCVRPTW-ST_C2_050_MEDIUM,NSGA2-MC10,C2,50,medium,1.0,5,19.2,41609.395379,2841.998713,43762.877329,0.55271,0.321238,0.0,3623.564,40.723395,3587.85,98.4206,0.034115,98.46,208.78188,3.508271,205.7052
CCVRPTW-ST_R1_050_HIGH,MOEA-RS,R1,50,high,2.0,5,29.3,9242.917062,936.701638,10638.817336,0.580902,0.051326,0.504909,6723.756,91.833524,6620.93,97.8194,0.047162,97.857,432.41956,7.513945,424.8127
CCVRPTW-ST_R1_050_HIGH,NSGA2-DET,R1,50,high,2.0,5,19.6,30124.725079,3229.417561,34740.331723,1.686569,0.099447,1.512822,5067.538,166.172367,4869.62,98.3872,0.05622,98.458,311.59238,9.379039,299.9659
CCVRPTW-ST_R1_050_HIGH,NSGA2-MC,R1,50,high,2.0,5,24.1,28253.310575,5598.818695,33016.020791,0.656394,0.047896,0.613332,5113.616,190.915962,4867.42,98.3634,0.04377,98.41,316.1868,11.745328,302.9804
CCVRPTW-ST_R1_050_HIGH,NSGA2-MC10,R1,50,high,2.0,5,26.9,31284.868351,2287.038849,34293.184289,0.669909,0.158612,0.504609,5078.204,109.384621,4949.83,98.384,0.051599,98.456,309.82842,12.707076,292.429
CCVRPTW-ST_R1_050_LOW,MOEA-RS,R1,50,low,0.5,5,40.7,12857.168674,2215.954495,15807.014017,0.64511,0.105677,0.521504,6756.134,119.284778,6640.51,97.5926,0.046274,97.651,433.70972,8.75819,429.4843
CCVRPTW-ST_R1_050_LOW,NSGA2-DET,R1,50,low,0.5,5,41.8,46195.284367,3243.921667,50005.955634,1.672034,0.079998,1.560334,4828.31,106.937598,4699.61,98.1184,0.051743,98.208,299.06872,3.965049,292.6796
CCVRPTW-ST_R1_050_LOW,NSGA2-MC,R1,50,low,0.5,5,58.4,42731.556871,1877.931368,43848.009714,0.692797,0.102558,0.536231,4928.198,196.76934,4633.56,98.1812,0.054284,98.262,303.08106,11.982447,282.8676
CCVRPTW-ST_R1_050_LOW,NSGA2-MC10,R1,50,low,0.5,5,55.7,42327.464063,3324.727256,47350.884368,0.70317,0.056656,0.620435,4996.366,120.840723,4811.23,98.156,0.036654,98.199,309.3154,7.925459,298.1733
CCVRPTW-ST_R1_050_MEDIUM,MOEA-RS,R1,50,medium,1.0,5,40.1,6977.20573,1312.604257,8924.320908,0.543927,0.134103,0.444639,6315.11,167.503365,6094.52,97.8974,0.037507,97.95,407.2062,10.808744,395.8027
CCVRPTW-ST_R1_050_MEDIUM,NSGA2-DET,R1,50,medium,1.0,5,42.6,24374.874348,3615.568359,28955.076255,1.593071,0.087363,1.477045,4843.122,185.665156,4566.19,98.319,0.075329,98.398,296.02528,10.994716,277.0639
CCVRPTW-ST_R1_050_MEDIUM,NSGA2-MC,R1,50,medium,1.0,5,58.6,22326.6812,2828.721458,26421.077334,0.696155,0.033529,0.665774,4909.946,72.54127,4790.83,98.3632,0.041324,98.432,297.694,5.548555,289.8174
CCVRPTW-ST_R1_050_MEDIUM,NSGA2-MC10,R1,50,medium,1.0,5,56.5,24813.570687,3379.975529,28034.337021,0.57745,0.069397,0.484943,4845.964,54.272336,4772.23,98.3608,0.041632,98.393,294.9469,6.407437,285.7136
CCVRPTW-ST_R2_050_HIGH,MOEA-RS,R2,50,high,2.0,5,24.8,2983.78518,1994.246284,5550.149745,0.536651,0.310342,0.0,6053.966,88.119669,5970.43,95.7884,0.075752,95.916,431.07506,7.591251,423.879
CCVRPTW-ST_R2_050_HIGH,NSGA2-DET,R2,50,high,2.0,5,36.8,71839.11738,6015.77231,78282.16231,1.732323,0.316333,1.166667,3421.638,72.511083,3321.02,98.2602,0.107241,98.37,204.309,6.246702,195.6411
CCVRPTW-ST_R2_050_HIGH,NSGA2-MC,R2,50,high,2.0,5,46.3,71714.347085,2714.796966,74378.499138,0.637418,0.03239,0.602141,3427.508,65.44944,3347.19,98.2376,0.057418,98.287,204.8145,5.638231,197.8952
CCVRPTW-ST_R2_050_HIGH,NSGA2-MC10,R2,50,high,2.0,5,44.3,71043.83177,4473.873904,77842.283902,0.548472,0.351345,0.0,3379.926,37.214921,3338.01,98.2036,0.064593,98.292,200.71546,3.205979,197.1041
CCVRPTW-ST_R2_050_LOW,MOEA-RS,R2,50,low,0.5,5,28.2,3084.169473,567.663285,3797.984611,0.410556,0.389029,0.0,7048.556,96.37174,6917.18,97.0548,0.034723,97.104,490.91158,8.301863,479.5941
CCVRPTW-ST_R2_050_LOW,NSGA2-DET,R2,50,low,0.5,5,37.6,47444.835845,3337.11715,50869.638811,1.817219,0.079462,1.737374,4287.67,41.984626,4248.26,98.3824,0.01161,98.399,253.07062,3.616874,249.6757
CCVRPTW-ST_R2_050_LOW,NSGA2-MC,R2,50,low,0.5,5,51.8,48459.979421,2611.566154,50326.174319,0.638793,0.404996,0.0,4319.694,103.538277,4244.69,98.4192,0.011925,98.437,255.82924,8.919485,249.3682
CCVRPTW-ST_R2_050_LOW,NSGA2-MC10,R2,50,low,0.5,5,44.9,46316.292548,1155.047341,47274.229423,0.765388,0.063485,0.692954,4269.926,66.565925,4192.86,98.4066,0.030566,98.437,251.54172,5.73442,244.9026
CCVRPTW-ST_R2_050_MEDIUM,MOEA-RS,R2,50,medium,1.0,5,28.2,2010.388202,262.11752,2295.213916,0.614478,0.116629,0.533867,6428.21,70.817969,6347.48,96.7646,0.100828,96.935,449.77574,5.424282,443.4383
CCVRPTW-ST_R2_050_MEDIUM,NSGA2-DET,R2,50,medium,1.0,5,38.0,38568.276365,3142.549675,41271.930674,1.817627,0.066283,1.703142,3866.446,77.222939,3795.12,98.3226,0.046715,98.386,229.7056,6.652379,223.5612
CCVRPTW-ST_R2_050_MEDIUM,NSGA2-MC,R2,50,medium,1.0,5,49.1,39860.661061,2534.173454,43636.61692,0.690655,0.113424,0.548657,3854.644,96.075739,3748.52,98.3292,0.043649,98.389,228.6889,8.276682,219.5464
CCVRPTW-ST_R2_050_MEDIUM,NSGA2-MC10,R2,50,medium,1.0,5,47.6,42148.476287,1341.024728,43396.022162,0.583283,0.32946,0.0,3803.144,47.609392,3759.9,98.3934,0.019629,98.413,224.25204,4.101352,220.5267
CCVRPTW-ST_RC1_050_HIGH,MOEA-RS,RC1,50,high,2.0,5,39.4,4738.873172,621.552795,5537.541943,0.56288,0.095686,0.452439,5365.818,32.160094,5316.81,98.1458,0.075939,98.277,328.04532,5.820709,319.9918
CCVRPTW-ST_RC1_050_HIGH,NSGA2-DET,RC1,50,high,2.0,5,42.5,19713.262327,1534.060062,21475.646587,1.60894,0.150831,1.40677,3942.862,139.097715,3780.15,98.5818,0.035188,98.621,232.46692,7.705385,222.2711
CCVRPTW-ST_RC1_050_HIGH,NSGA2-MC,RC1,50,high,2.0,5,59.0,15976.128108,2108.723754,18585.748049,0.706174,0.065303,0.650274,3998.22,132.302054,3853.31,98.648,0.048249,98.698,233.98396,5.98,228.5735
CCVRPTW-ST_RC1_050_HIGH,NSGA2-MC10,RC1,50,high,2.0,5,54.5,19816.802593,2710.920271,23178.429151,0.64313,0.075943,0.572073,3969.868,92.949326,3833.84,98.5982,0.042979,98.665,234.60684,6.324541,226.8962
CCVRPTW-ST_RC1_050_LOW,MOEA-RS,RC1,50,low,0.5,5,46.3,6242.305552,551.225399,6950.477629,0.543096,0.03203,0.505338,5475.376,45.109632,5421.22,98.1028,0.060396,98.185,339.22852,6.14383,333.0126
CCVRPTW-ST_RC1_050_LOW,NSGA2-DET,RC1,50,low,0.5,5,50.6,18506.719644,2086.612111,21247.082563,1.553641,0.074575,1.476914,4228.016,135.025623,4046.46,98.5556,0.109605,98.7,248.61402,5.030887,241.5596
CCVRPTW-ST_RC1_050_LOW,NSGA2-MC,RC1,50,low,0.5,5,67.8,20357.768144,2844.907843,24444.717349,0.698886,0.060319,0.598292,4179.762,149.703848,4037.06,98.5622,0.060193,98.61,241.6322,9.288038,231.4815
CCVRPTW-ST_RC1_050_LOW,NSGA2-MC10,RC1,50,low,0.5,5,68.1,20617.560017,2603.483843,23435.337212,0.739359,0.066069,0.663935,4238.64,69.866127,4161.54,98.5476,0.081706,98.673,247.67012,5.86718,241.3688
CCVRPTW-ST_RC1_050_MEDIUM,MOEA-RS,RC1,50,medium,1.0,5,42.6,9761.671683,1292.017741,11098.881976,0.6215,0.083739,0.548228,6065.662,59.475509,5981.55,98.2892,0.048649,98.368,384.15076,3.503582,379.113
CCVRPTW-ST_RC1_050_MEDIUM,NSGA2-DET,RC1,50,medium,1.0,5,48.4,34134.75335,2630.771577,37601.369342,1.598741,0.162236,1.403493,4467.462,178.357847,4316.62,98.696,0.038393,98.743,269.05884,13.976709,249.1721
CCVRPTW-ST_RC1_050_MEDIUM,NSGA2-MC,RC1,50,medium,1.0,5,65.6,32394.924866,4088.602507,36650.61194,0.613288,0.124432,0.39859,4421.4,182.520666,4200.71,98.6864,0.059923,98.772,269.18664,12.542668,255.636
CCVRPTW-ST_RC1_050_MEDIUM,NSGA2-MC10,RC1,50,medium,1.0,5,59.0,33852.908432,2209.786617,35606.410708,0.691005,0.052935,0.598775,4558.604,128.606434,4410.61,98.7044,0.04011,98.745,276.35364,10.337229,265.0298
CCVRPTW-ST_RC2_050_HIGH,MOEA-RS,RC2,50,high,2.0,5,26.6,2022.612457,80.570021,2109.0055,0.675298,0.066352,0.571662,5616.284,67.851137,5538.31,97.068,0.035889,97.099,380.44816,5.845126,373.7308
CCVRPTW-ST_RC2_050_HIGH,NSGA2-DET,RC2,50,high,2.0,5,37.7,29373.004081,1405.257304,30948.521269,1.751878,0.156942,1.494525,3550.32,112.997604,3480.08,98.3694,0.057405,98.442,202.47238,9.734497,196.4214
CCVRPTW-ST_RC2_050_HIGH,NSGA2-MC,RC2,50,high,2.0,5,48.7,29166.876479,1772.917609,32240.40965,0.585764,0.341061,0.0,3600.818,65.958985,3492.7,98.3974,0.043085,98.447,206.8225,5.68221,197.5085
CCVRPTW-ST_RC2_050_HIGH,NSGA2-MC10,RC2,50,high,2.0,5,47.2,29425.188813,1284.831428,31116.832513,0.586245,0.083109,0.481186,3568.892,39.16071,3523.83,98.4124,0.042817,98.472,204.07228,3.373391,200.1906
CCVRPTW-ST_RC2_050_LOW,MOEA-RS,RC2,50,low,0.5,5,26.1,1785.494409,206.475785,1960.31689,0.594577,0.09162,0.510669,6053.384,70.652578,5977.26,96.2566,0.032624,96.291,418.10298,6.086488,411.5449
CCVRPTW-ST_RC2_050_LOW,NSGA2-DET,RC2,50,low,0.5,5,37.8,36377.796173,2216.250413,38965.382677,1.830805,0.026223,1.79311,3796.682,104.832251,3679.53,98.176,0.092528,98.306,226.07744,7.094224,216.0741
CCVRPTW-ST_RC2_050_LOW,NSGA2-MC,RC2,50,low,0.5,5,49.2,36117.222674,2796.146885,38365.854918,0.836538,0.149207,0.700236,3779.702,88.010803,3664.63,98.2142,0.075427,98.328,223.256,6.639901,215.3012
CCVRPTW-ST_RC2_050_LOW,NSGA2-MC10,RC2,50,low,0.5,5,46.1,38190.083141,2167.657103,40666.071096,0.593831,0.395232,0.0,3783.266,73.856883,3678.18,98.2474,0.042465,98.307,222.53966,6.36254,213.487
CCVRPTW-ST_RC2_050_MEDIUM,MOEA-RS,RC2,50,medium,1.0,5,26.3,2435.19616,211.23679,2779.484866,0.63724,0.086802,0.5256,6085.284,49.732439,6011.16,97.1464,0.065317,97.216,420.85118,4.284317,414.4656
CCVRPTW-ST_RC2_050_MEDIUM,NSGA2-DET,RC2,50,medium,1.0,5,36.4,34209.528142,1798.857043,35614.905674,1.699088,0.041147,1.651619,3702.882,92.31101,3628.92,98.4608,0.008585,98.468,215.615,7.952378,209.2433
CCVRPTW-ST_RC2_050_MEDIUM,NSGA2-MC,RC2,50,medium,1.0,5,49.1,34886.743678,2926.678698,39721.700826,0.815373,0.153303,0.623132,3646.844,92.506231,3501.78,98.4814,0.041831,98.53,210.7873,7.969044,198.2907
CCVRPTW-ST_RC2_050_MEDIUM,NSGA2-MC10,RC2,50,medium,1.0,5,44.8,36335.090745,1174.892146,37742.135623,0.746982,0.109716,0.60952,3640.476,48.332537,3591.56,98.504,0.047011,98.55,210.2387,4.163698,206.0245
CCVRPTW-ST_C1_100_HIGH,MOEA-RS,C1,100,high,2.0,5,70.0,16514.953373,1503.868492,18245.768553,0.484908,0.089361,0.350669,11354.51,129.910411,11195.36,97.3806,0.028936,97.415,739.62792,9.952835,728.0045
CCVRPTW-ST_C1_100_HIGH,NSGA2-DET,C1,100,high,2.0,5,57.0,115653.308836,15749.209954,130132.692258,1.686875,0.110982,1.554752,7726.708,220.032223,7353.31,98.3384,0.050372,98.379,465.21056,15.914572,439.6334
CCVRPTW-ST_C1_100_HIGH,NSGA2-MC,C1,100,high,2.0,5,82.8,130026.623448,7890.993592,137352.280905,0.609011,0.140597,0.407141,7775.29,220.480263,7546.62,98.314,0.081924,98.434,463.86348,13.243827,446.5514
CCVRPTW-ST_C1_100_HIGH,NSGA2-MC10,C1,100,high,2.0,5,77.2,115316.697336,25173.715175,140405.367927,0.687716,0.078,0.597785,7757.174,264.642721,7507.86,98.2836,0.066785,98.393,465.91784,21.869869,441.128
CCVRPTW-ST_C1_100_LOW,MOEA-RS,C1,100,low,0.5,5,70.4,13400.664331,2993.956016,17572.456099,0.483202,0.039701,0.430118,10379.224,290.350363,9875.23,97.6016,0.040998,97.633,659.65194,17.915906,631.0439
CCVRPTW-ST_C1_100_LOW,NSGA2-DET,C1,100,low,0.5,5,52.3,95832.212083,8007.043446,105672.281414,1.723444,0.114732,1.555556,7005.62,179.225356,6739.29,98.4288,0.066107,98.485,408.51202,12.883327,385.6065
CCVRPTW-ST_C1_100_LOW,NSGA2-MC,C1,100,low,0.5,5,78.4,93348.663656,9315.06469,103737.648638,0.691669,0.157688,0.526668,7011.66,224.6714,6674.65,98.3852,0.051329,98.437,409.8013,14.197538,386.8279
CCVRPTW-ST_C1_100_LOW,NSGA2-MC10,C1,100,low,0.5,5,74.2,96082.008361,4270.975486,101919.181139,0.705698,0.194549,0.494017,6996.732,108.301939,6894.1,98.414,0.072232,98.513,407.30312,11.305773,392.5038
CCVRPTW-ST_C1_100_MEDIUM,MOEA-RS,C1,100,medium,1.0,5,60.3,10784.397648,1248.442085,11573.934205,0.500311,0.114832,0.351511,11205.472,81.265446,11124.36,97.7068,0.033589,97.747,712.8875,8.198808,704.1452
CCVRPTW-ST_C1_100_MEDIUM,NSGA2-DET,C1,100,medium,1.0,5,54.2,79767.034633,4656.010602,85893.472322,1.647995,0.095466,1.547703,7777.094,161.039327,7539.13,98.5162,0.028208,98.553,442.7663,10.911791,424.5452
CCVRPTW-ST_C1_100_MEDIUM,NSGA2-MC,C1,100,medium,1.0,5,85.6,78856.955981,3336.140925,83205.103589,0.65892,0.064667,0.597627,7710.764,139.525178,7541.57,98.5162,0.014533,98.542,441.44796,9.278089,430.0071
CCVRPTW-ST_C1_100_MEDIUM,NSGA2-MC10,C1,100,medium,1.0,5,58.9,78087.446612,5587.927707,83159.281759,0.708239,0.101325,0.582869,7819.318,180.752128,7501.26,98.5328,0.013791,98.555,449.98752,13.594248,426.5349
CCVRPTW-ST_C2_100_HIGH,MOEA-RS,C2,100,high,2.0,5,29.5,2650.239923,236.027091,2985.392814,0.654484,0.116512,0.495487,11913.308,101.331428,11816.84,96.7304,0.114934,96.929,820.59146,10.353459,811.2291
CCVRPTW-ST_C2_100_HIGH,NSGA2-DET,C2,100,high,2.0,5,36.3,115489.132692,3267.8917,119655.181333,1.724401,0.033345,1.666156,6667.576,88.495129,6571.02,98.482,0.014849,98.506,379.30006,6.852236,372.2416
CCVRPTW-ST_C2_100_HIGH,NSGA2-MC,C2,100,high,2.0,5,30.8,113919.013229,7427.768308,124394.850135,0.664321,0.127641,0.481819,6650.492,102.677398,6483.63,98.4536,0.018982,98.468,379.08782,8.845205,364.7134
CCVRPTW-ST_C2_100_HIGH,NSGA2-MC10,C2,100,high,2.0,5,71.6,116072.028263,2572.016999,118398.008934,0.618586,0.135064,0.4312,6626.064,67.498291,6516.27,98.4624,0.019552,98.479,376.77724,5.592493,367.525
CCVRPTW-ST_C2_100_LOW,MOEA-RS,C2,100,low,0.5,5,25.0,6614.458722,1985.22257,10039.259738,0.468041,0.281555,0.0,10986.644,339.159874,10419.77,96.592,0.035637,96.627,765.55492,29.217589,716.7204
CCVRPTW-ST_C2_100_LOW,NSGA2-DET,C2,100,low,0.5,5,62.1,163997.038301,7283.302588,172540.882421,1.851845,0.076345,1.720217,5937.624,53.050224,5861.56,98.587,0.026239,98.621,330.59824,4.57024,324.0454
CCVRPTW-ST_C2_100_LOW,NSGA2-MC,C2,100,low,0.5,5,63.6,164690.366041,6497.516811,172768.050825,0.727288,0.139474,0.592583,5890.142,80.145715,5789.43,98.6034,0.043673,98.658,326.50808,6.904317,317.8317
CCVRPTW-ST_C2_100_LOW,NSGA2-MC10,C2,100,low,0.5,5,66.4,165429.18707,5268.668214,170154.316009,0.593317,0.12746,0.425794,5951.956,42.882071,5900.35,98.6258,0.015865,98.65,331.8332,3.694076,327.3875
CCVRPTW-ST_C2_100_MEDIUM,MOEA-RS,C2,100,medium,1.0,5,22.4,3242.03282,401.460802,3794.993003,0.618207,0.12155,0.471709,11725.17,99.822265,11559.35,97.1242,0.032576,97.15,803.3325,8.59921,789.0479
CCVRPTW-ST_C2_100_MEDIUM,NSGA2-DET,C2,100,medium,1.0,5,20.8,122142.845521,2056.88922,123698.419028,1.830543,0.038278,1.784033,6394.014,120.664563,6227.55,98.766,0.02622,98.806,344.07096,10.39496,329.7304
CCVRPTW-ST_C2_100_MEDIUM,NSGA2-MC,C2,100,medium,1.0,5,28.2,120886.39443,5300.726544,127053.733958,0.723633,0.107996,0.560182,6402.374,77.31134,6311.08,98.7596,0.007021,98.765,344.7912,6.660129,336.9267
CCVRPTW-ST_C2_100_MEDIUM,NSGA2-MC10,C2,100,medium,1.0,5,26.0,121723.616183,2404.833571,124568.400555,0.638174,0.085404,0.509891,6386.31,52.836359,6330.85,98.753,0.022147,98.784,343.40738,4.551532,338.6298
CCVRPTW-ST_R1_100_HIGH,MOEA-RS,R1,100,high,2.0,5,78.3,13811.70203,1621.446203,16671.411891,0.506206,0.041747,0.457997,13267.494,226.868317,12933.59,97.385,0.065593,97.472,858.61876,12.341298,842.8239
CCVRPTW-ST_R1_100_HIGH,NSGA2-DET,R1,100,high,2.0,5,60.3,125607.508276,16384.071426,142822.278625,1.703813,0.077754,1.57645,9178.898,299.178619,8725.15,98.2908,0.028674,98.319,550.73344,23.622109,515.782
CCVRPTW-ST_R1_100_HIGH,NSGA2-MC,R1,100,high,2.0,5,90.1,117743.776957,12780.758788,130544.750478,0.640108,0.094416,0.512862,9227.946,193.727045,9028.79,98.2408,0.015369,98.261,558.54672,16.446488,545.2046
CCVRPTW-ST_R1_100_HIGH,NSGA2-MC10,R1,100,high,2.0,5,84.5,119142.128338,10032.703902,133000.577985,0.613681,0.07841,0.517678,9081.83,210.976858,8780.46,98.26,0.037901,98.316,546.4385,17.753918,523.8113
CCVRPTW-ST_R1_100_LOW,MOEA-RS,R1,100,low,0.5,5,79.5,22886.504573,1346.082412,24535.221915,0.554705,0.035824,0.507304,13019.166,123.998877,12850.78,97.3106,0.054132,97.366,866.06852,9.374273,855.2976
CCVRPTW-ST_R1_100_LOW,NSGA2-DET,R1,100,low,0.5,5,56.5,141205.458402,29533.24721,166792.122714,1.579271,0.075069,1.458185,8765.764,171.482495,8539.53,98.124,0.116516,98.273,550.05108,16.251603,529.4974
CCVRPTW-ST_R1_100_LOW,NSGA2-MC,R1,100,low,0.5,5,83.9,159556.213585,5650.123855,169086.910513,0.651404,0.034915,0.610416,8752.168,132.795449,8584.88,98.0788,0.04795,98.133,544.62202,10.492145,532.8069
CCVRPTW-ST_R1_100_LOW,NSGA2-MC10,R1,100,low,0.5,5,83.1,150184.682206,28938.33586,170017.400447,0.731395,0.100744,0.620029,8768.96,332.735033,8398.91,98.1054,0.058986,98.169,543.49586,21.999101,516.7859
CCVRPTW-ST_R1_100_MEDIUM,MOEA-RS,R1,100,medium,1.0,5,77.4,7829.018329,445.849967,8540.724657,0.596483,0.172934,0.353521,13434.926,130.456103,13258.89,97.4336,0.072961,97.524,885.98048,7.380869,878.1939
CCVRPTW-ST_R1_100_MEDIUM,NSGA2-DET,R1,100,medium,1.0,5,59.1,81662.113472,4368.314379,87456.801822,1.786266,0.130783,1.558791,9306.234,300.742934,8878.01,98.1006,0.033419,98.144,568.4463,19.795189,539.6206
CCVRPTW-ST_R1_100_MEDIUM,NSGA2-MC,R1,100,medium,1.0,5,89.9,79808.04364,4259.19472,82666.212923,0.638466,0.106717,0.528645,9328.924,249.558016,8969.47,98.1566,0.041627,98.216,572.39064,17.236641,553.0158
CCVRPTW-ST_R1_100_MEDIUM,NSGA2-MC10,R1,100,medium,1.0,5,81.8,78368.554005,9380.282543,86817.41284,0.646899,0.062232,0.580243,9243.5,102.423031,9142.96,98.1548,0.07729,98.274,566.28504,9.865317,555.0394
CCVRPTW-ST_R2_100_HIGH,MOEA-RS,R2,100,high,2.0,5,51.0,6887.552179,1068.73838,8380.077138,0.638637,0.185917,0.460653,13643.904,63.894898,13533.53,95.606,0.092685,95.75,993.60056,5.039838,984.9606
CCVRPTW-ST_R2_100_HIGH,NSGA2-DET,R2,100,high,2.0,5,49.6,292692.775893,12584.380102,310800.405935,1.844451,0.042484,1.79798,6924.894,68.931968,6813.94,98.1974,0.041253,98.254,415.64854,5.938079,406.0906
CCVRPTW-ST_R2_100_HIGH,NSGA2-MC,R2,100,high,2.0,5,71.2,300632.6166,10573.939415,312852.070465,0.51436,0.30556,0.0,6881.534,57.824217,6816.34,98.2086,0.0426,98.267,411.91322,4.981445,406.2972
CCVRPTW-ST_R2_100_HIGH,NSGA2-MC10,R2,100,high,2.0,5,66.4,307901.833469,9343.443404,319719.967808,0.622417,0.15388,0.367017,6771.2,106.871365,6591.52,98.2036,0.054748,98.25,402.40818,9.206729,386.9293
CCVRPTW-ST_R2_100_LOW,MOEA-RS,R2,100,low,0.5,5,49.6,4737.954867,469.134951,5202.546215,0.463815,0.263124,0.0,13711.256,194.335444,13417.43,95.4606,0.059873,95.541,1000.27092,16.741424,974.9585
CCVRPTW-ST_R2_100_LOW,NSGA2-DET,R2,100,low,0.5,5,48.4,285972.253202,2665.843118,289369.791781,1.757434,0.091105,1.694252,6567.442,69.300646,6504.41,98.1488,0.022775,98.181,397.77738,5.970036,392.3471
CCVRPTW-ST_R2_100_LOW,NSGA2-MC,R2,100,low,0.5,5,69.3,290971.30811,15227.70356,304105.656026,0.649189,0.12302,0.477183,6528.642,88.02878,6462.09,98.1642,0.036989,98.202,394.4349,7.583418,388.7016
CCVRPTW-ST_R2_100_LOW,NSGA2-MC10,R2,100,low,0.5,5,64.1,278109.759852,8222.364992,283811.610484,0.679369,0.156623,0.41218,6611.766,56.416189,6546.26,98.1494,0.01563,98.164,401.59546,4.860106,395.9525
CCVRPTW-ST_R2_100_MEDIUM,MOEA-RS,R2,100,medium,1.0,5,52.2,7116.346501,517.101988,7817.249257,0.55052,0.083562,0.47295,14179.86,96.79962,14053.38,95.6954,0.050772,95.752,1035.91898,10.186916,1021.3335
CCVRPTW-ST_R2_100_MEDIUM,NSGA2-DET,R2,100,medium,1.0,5,50.0,312607.170735,17924.083623,329422.471968,1.817514,0.02389,1.79798,6994.742,101.818064,6869.75,98.2088,0.061414,98.288,421.66578,8.771263,410.8983
CCVRPTW-ST_R2_100_MEDIUM,NSGA2-MC,R2,100,medium,1.0,5,71.1,321623.428946,13107.747059,334818.233519,0.717184,0.177811,0.532302,7021.874,131.92551,6898.74,98.218,0.023675,98.244,424.00304,11.364867,413.3954
CCVRPTW-ST_R2_100_MEDIUM,NSGA2-MC10,R2,100,medium,1.0,5,67.1,329247.759397,8072.009062,338523.96701,0.726619,0.107189,0.60936,6983.784,105.783665,6829.24,98.2286,0.050352,98.275,420.72172,9.113016,407.4079
CCVRPTW-ST_RC1_100_HIGH,MOEA-RS,RC1,100,high,2.0,5,80.4,11850.929975,1796.569201,14283.643863,0.442852,0.079939,0.323667,12581.852,222.968354,12388.23,97.6904,0.105063,97.867,735.36432,8.279865,723.7579
CCVRPTW-ST_RC1_100_HIGH,NSGA2-DET,RC1,100,high,2.0,5,62.8,88985.643239,9330.573321,99646.700099,1.699095,0.087272,1.586112,7901.782,111.17143,7763.3,98.3494,0.033314,98.392,479.54328,10.764632,462.0304
CCVRPTW-ST_RC1_100_HIGH,NSGA2-MC,RC1,100,high,2.0,5,88.0,88943.775023,8407.329106,100025.151256,0.685717,0.119373,0.550732,7830.202,150.030248,7570.6,98.3118,0.03219,98.354,468.5982,16.814164,445.4303
CCVRPTW-ST_RC1_100_HIGH,NSGA2-MC10,RC1,100,high,2.0,5,85.1,85875.389211,10173.821226,100964.170526,0.588861,0.034849,0.539877,7916.088,157.969958,7709.41,98.2872,0.02693,98.317,477.51222,14.266824,457.388
CCVRPTW-ST_RC1_100_LOW,MOEA-RS,RC1,100,low,0.5,5,77.4,13476.83297,1743.339393,15505.962933,0.568767,0.077302,0.455392,12919.698,170.594743,12692.71,97.421,0.054005,97.481,847.354,11.316428,834.9946
CCVRPTW-ST_RC1_100_LOW,NSGA2-DET,RC1,100,low,0.5,5,43.5,100160.18122,5458.955657,104776.65156,1.675538,0.070045,1.608391,9271.126,84.854962,9182.43,98.1898,0.060089,98.285,563.48472,4.611073,557.7325
CCVRPTW-ST_RC1_100_LOW,NSGA2-MC,RC1,100,low,0.5,5,89.1,105732.803658,9916.215739,120305.046731,0.654474,0.056302,0.599434,9053.652,209.132823,8745.2,98.1714,0.050915,98.258,550.47586,13.708199,532.5125
CCVRPTW-ST_RC1_100_LOW,NSGA2-MC10,RC1,100,low,0.5,5,72.4,102568.261112,5002.794464,107911.293075,0.590674,0.097385,0.516625,9195.748,241.398873,9018.59,98.2104,0.048911,98.279,563.1407,15.599366,549.063
CCVRPTW-ST_RC1_100_MEDIUM,MOEA-RS,RC1,100,medium,1.0,5,70.1,10882.028017,1108.667771,12552.209024,0.629638,0.172884,0.495667,12199.994,106.534151,12046.15,97.5398,0.051046,97.596,789.73846,14.844203,766.3739
CCVRPTW-ST_RC1_100_MEDIUM,NSGA2-DET,RC1,100,medium,1.0,5,60.4,90512.93656,6278.112308,99936.911002,1.713555,0.075251,1.639526,8283.572,201.860892,7936.47,98.4002,0.020154,98.43,490.28522,16.590306,464.0263
CCVRPTW-ST_RC1_100_MEDIUM,NSGA2-MC,RC1,100,medium,1.0,5,89.1,91107.285297,3265.427555,94463.703843,0.678026,0.153535,0.502459,8252.172,168.114929,8116.61,98.3936,0.035076,98.444,488.18518,9.036867,479.5448
CCVRPTW-ST_RC1_100_MEDIUM,NSGA2-MC10,RC1,100,medium,1.0,5,80.5,86140.304058,3492.706899,91089.307596,0.740006,0.120853,0.593718,8238.184,135.660677,8034.62,98.3886,0.041052,98.43,489.82356,11.598054,472.4817
CCVRPTW-ST_RC2_100_HIGH,MOEA-RS,RC2,100,high,2.0,5,48.1,7381.321068,1319.248375,9056.862705,0.5759,0.088592,0.500112,12188.716,210.250648,11905.04,95.8878,0.051939,95.96,880.81782,16.705986,857.5934
CCVRPTW-ST_RC2_100_HIGH,NSGA2-DET,RC2,100,high,2.0,5,48.7,239215.185743,9848.111751,253377.061907,1.822381,0.075201,1.717172,6316.35,93.217282,6188.21,98.2758,0.031995,98.315,376.14658,8.030268,365.1079
CCVRPTW-ST_RC2_100_HIGH,NSGA2-MC,RC2,100,high,2.0,5,68.9,242123.641667,10362.717704,255939.0917,0.752362,0.187764,0.439215,6379.364,80.300998,6255.28,98.2958,0.04688,98.359,381.57496,6.917786,370.8853
CCVRPTW-ST_RC2_100_HIGH,NSGA2-MC10,RC2,100,high,2.0,5,64.0,242383.861083,6288.564396,251313.375085,0.679294,0.087728,0.555641,6350.15,69.14397,6246.89,98.2836,0.037978,98.33,379.05802,5.956389,370.1627
CCVRPTW-ST_RC2_100_LOW,MOEA-RS,RC2,100,low,0.5,5,53.5,3073.088449,1761.182979,4388.382061,0.484578,0.286928,0.0,12830.946,130.05181,12652.47,96.4396,0.092821,96.529,905.40996,12.828017,894.3763
CCVRPTW-ST_RC2_100_LOW,NSGA2-DET,RC2,100,low,0.5,5,51.9,175203.433208,4433.301071,178654.2923,1.781604,0.082727,1.688651,6799.968,46.262026,6767.05,98.4006,0.036453,98.437,391.7281,3.493481,389.1292
CCVRPTW-ST_RC2_100_LOW,NSGA2-MC,RC2,100,low,0.5,5,75.2,178973.097944,2511.386866,181482.16841,0.473518,0.270008,0.0,6763.796,105.490565,6604.9,98.3986,0.035395,98.434,385.63422,6.859052,375.1601
CCVRPTW-ST_RC2_100_LOW,NSGA2-MC10,RC2,100,low,0.5,5,70.0,181021.84738,4369.957099,186712.650304,0.764939,0.124709,0.577869,6729.058,101.866859,6630.27,98.4198,0.043298,98.453,384.89654,7.579052,377.3458
CCVRPTW-ST_RC2_100_MEDIUM,MOEA-RS,RC2,100,medium,1.0,5,40.9,4960.382447,744.20751,5744.572284,0.661126,0.096411,0.573153,13506.766,144.347098,13286.43,96.2068,0.119569,96.341,969.73288,12.434916,950.7517
CCVRPTW-ST_RC2_100_MEDIUM,NSGA2-DET,RC2,100,medium,1.0,5,50.7,234933.235809,7157.649783,244768.327876,1.843341,0.043206,1.818182,6960.622,65.908052,6894.04,98.4028,0.035919,98.45,405.80418,5.677702,400.0682
CCVRPTW-ST_RC2_100_MEDIUM,NSGA2-MC,RC2,100,medium,1.0,5,72.5,240830.84337,6641.619479,247916.86334,0.634998,0.116548,0.531401,6899.514,29.430823,6861.58,98.395,0.040069,98.445,400.54006,2.535477,397.2719
CCVRPTW-ST_RC2_100_MEDIUM,NSGA2-MC10,RC2,100,medium,1.0,5,68.2,236850.523451,9818.834317,247787.621626,0.544241,0.319436,0.0,6936.374,112.407958,6767.5,98.3944,0.039501,98.422,403.71542,9.683443,389.1677
